"last_name, first_name","player_id","oaa","n_fieldout_5stars","n_opp_5stars","n_5star_percent","n_fieldout_4stars","n_opp_4stars","n_4star_percent","n_fieldout_3stars","n_opp_3stars","n_3star_percent","n_fieldout_2stars","n_opp_2stars","n_2star_percent","n_fieldout_1stars","n_opp_1stars","n_1star_percent"
"Young, Jacob",696285,"20","6","18","33.3","14","19","73.7","15","16","93.8","22","25","88.0","26","26","100.0"
"Varsho, Daulton",662139,"16","3","21","14.3","6","11","54.5","18","22","81.8","22","23","95.7","37","37","100.0"
"Siri, Jose",642350,"16","4","9","44.4","9","16","56.3","22","26","84.6","19","20","95.0","22","24","91.7"
"Doyle, Brenton",686668,"16","0","19","0.0","7","14","50.0","25","28","89.3","29","31","93.5","41","41","100.0"
"Siani, Michael",672279,"16","4","16","25.0","5","5","100.0","16","18","88.9","18","18","100.0","24","24","100.0"
"Meyers, Jake",676694,"14","1","12","8.3","6","11","54.5","14","16","87.5","20","20","100.0","30","30","100.0"
"Crow-Armstrong, Pete",691718,"14","7","14","50.0","5","10","50.0","17","21","81.0","23","24","95.8","19","21","90.5"
"Kiermaier, Kevin",595281,"12","1","10","10.0","8","10","80.0","12","13","92.3","21","22","95.5","19","20","95.0"
"Merrill, Jackson",701538,"12","1","18","5.6","9","13","69.2","11","14","78.6","20","21","95.2","41","42","97.6"
"Taylor, Michael A.",572191,"11","2","11","18.2","1","2","50.0","15","17","88.2","12","12","100.0","22","22","100.0"
"Duran, Jarren",680776,"11","1","17","5.9","6","8","75.0","18","23","78.3","22","25","88.0","34","34","100.0"
"Cowser, Colton",681297,"11","3","18","16.7","7","11","63.6","6","10","60.0","21","22","95.5","27","27","100.0"
"Perkins, Blake",663368,"11","0","9","0.0","5","11","45.5","14","15","93.3","19","20","95.0","27","27","100.0"
"Bader, Harrison",664056,"10","1","10","10.0","7","12","58.3","11","13","84.6","25","26","96.2","20","20","100.0"
"Isbel, Kyle",664728,"10","4","23","17.4","9","17","52.9","6","10","60.0","24","25","96.0","26","27","96.3"
"DeLuca, Jonny",676356,"8","0","9","0.0","3","4","75.0","8","10","80.0","18","18","100.0","20","20","100.0"
"Harris II, Michael",671739,"8","3","11","27.3","4","6","66.7","10","11","90.9","26","29","89.7","14","15","93.3"
"Carroll, Corbin",682998,"8","1","25","4.0","11","23","47.8","15","20","75.0","24","27","88.9","27","29","93.1"
"Rojas, Johan",679032,"8","5","17","29.4","7","9","77.8","12","16","75.0","11","13","84.6","15","16","93.8"
"Frelick, Sal",686217,"7","0","10","0.0","3","9","33.3","22","26","84.6","18","21","85.7","23","23","100.0"
"Rodríguez, Julio",677594,"7","4","18","22.2","2","11","18.2","15","18","83.3","23","25","92.0","18","18","100.0"
"Meadows, Parker",678009,"7","3","9","33.3","4","7","57.1","5","6","83.3","17","18","94.4","15","15","100.0"
"Abreu, Wilyer",677800,"7","0","15","0.0","8","10","80.0","9","13","69.2","16","17","94.1","18","19","94.7"
"McCarthy, Jake",664983,"6","2","22","9.1","3","13","23.1","7","9","77.8","24","24","100.0","15","15","100.0"
"Taylor, Tyrone",621438,"6","3","14","21.4","2","4","50.0","12","18","66.7","19","20","95.0","19","20","95.0"
"McCormick, Chas",676801,"6","0","10","0.0","2","8","25.0","13","13","100.0","11","12","91.7","17","18","94.4"
"Chourio, Jackson",694192,"5","3","24","12.5","4","6","66.7","13","17","76.5","23","28","82.1","26","28","92.9"
"Rafaela, Ceddanne",678882,"5","2","10","20.0","5","6","83.3","9","11","81.8","7","10","70.0","11","11","100.0"
"Taveras, Leody",665750,"5","1","25","4.0","6","12","50.0","7","11","63.6","28","29","96.6","22","24","91.7"
"Dubón, Mauricio",643289,"4","1","7","14.3","3","8","37.5","8","9","88.9","13","16","81.3","12","12","100.0"
"Kepler, Max",596146,"4","0","10","0.0","2","9","22.2","7","8","87.5","5","5","100.0","23","23","100.0"
"Kwan, Steven",680757,"4","2","25","8.0","5","9","55.6","12","14","85.7","7","8","87.5","19","22","86.4"
"Fairchild, Stuart",656413,"4","0","8","0.0","1","4","25.0","13","13","100.0","10","12","83.3","16","17","94.1"
"Pérez, Wenceel",672761,"4","0","14","0.0","3","5","60.0","6","8","75.0","20","20","100.0","14","14","100.0"
"Gurriel Jr., Lourdes",666971,"3","0","17","0.0","3","10","30.0","7","10","70.0","31","32","96.9","13","14","92.9"
"Ward, Taylor",621493,"3","0","20","0.0","8","14","57.1","10","19","52.6","15","16","93.8","27","28","96.4"
"Buxton, Byron",621439,"3","0","17","0.0","6","13","46.2","5","6","83.3","12","14","85.7","14","14","100.0"
"Mullins, Cedric",656775,"3","2","16","12.5","2","5","40.0","13","18","72.2","10","12","83.3","23","24","95.8"
"Vierling, Matt",663837,"2","0","7","0.0","2","5","40.0","3","6","50.0","18","19","94.7","15","15","100.0"
"Moniak, Mickey",666160,"2","0","13","0.0","2","9","22.2","5","6","83.3","18","21","85.7","22","24","91.7"
"Fletcher, Dominic",666150,"2","1","12","8.3","4","8","50.0","7","8","87.5","10","11","90.9","12","14","85.7"
"Langford, Wyatt",694671,"2","1","20","5.0","3","7","42.9","14","15","93.3","9","11","81.8","20","20","100.0"
"Verdugo, Alex",657077,"2","1","24","4.2","4","11","36.4","16","21","76.2","22","26","84.6","30","31","96.8"
"Donovan, Brendan",680977,"1","0","15","0.0","0","4","0.0","9","12","75.0","17","18","94.4","19","20","95.0"
"Pages, Andy",681624,"1","0","16","0.0","1","6","16.7","9","10","90.0","20","24","83.3","19","20","95.0"
"Nootbaar, Lars",663457,"1","0","15","0.0","1","5","20.0","7","10","70.0","13","15","86.7","22","23","95.7"
"Schneider, Davis",676914,"1","1","15","6.7","1","4","25.0","6","8","75.0","15","17","88.2","8","9","88.9"
"Greene, Riley",682985,"1","2","13","15.4","3","7","42.9","7","14","50.0","15","16","93.8","20","22","90.9"
"Adell, Jo",666176,"1","2","8","25.0","2","7","28.6","6","13","46.2","17","20","85.0","18","19","94.7"
"Duvall, Adam",594807,"1","0","8","0.0","0","3","0.0","7","9","77.8","13","14","92.9","15","17","88.2"
"Chisholm Jr., Jazz",665862,"1","2","14","14.3","1","8","12.5","13","16","81.3","16","18","88.9","12","13","92.3"
"Robert Jr., Luis",673357,"1","1","15","6.7","3","9","33.3","9","15","60.0","12","15","80.0","22","22","100.0"
"Sánchez, Jesús",660821,"0","0","11","0.0","3","12","25.0","7","9","77.8","17","18","94.4","22","22","100.0"
"Butler, Lawrence",671732,"0","2","15","13.3","2","11","18.2","6","11","54.5","18","20","90.0","28","31","90.3"
"Springer, George",543807,"0","1","13","7.7","2","9","22.2","8","13","61.5","15","18","83.3","25","27","92.6"
"Loperfido, Joey",694388,"0","0","6","0.0","1","5","20.0","3","5","60.0","13","14","92.9","15","15","100.0"
"Fraley, Jake",641584,"0","0","14","0.0","2","5","40.0","8","13","61.5","13","14","92.9","16","16","100.0"
"Nimmo, Brandon",607043,"0","0","22","0.0","1","10","10.0","9","11","81.8","14","17","82.4","26","27","96.3"
"Robles, Victor",645302,"0","2","9","22.2","0","2","0.0","3","4","75.0","13","14","92.9","8","9","88.9"
"Marsh, Brandon",669016,"-1","0","21","0.0","1","11","9.1","11","17","64.7","13","15","86.7","22","22","100.0"
"Bellinger, Cody",641355,"-1","0","18","0.0","3","7","42.9","2","6","33.3","14","15","93.3","20","21","95.2"
"Pillar, Kevin",607680,"-1","0","14","0.0","0","3","0.0","5","6","83.3","4","6","66.7","16","17","94.1"
"Santander, Anthony",623993,"-2","0","17","0.0","0","7","0.0","7","12","58.3","23","26","88.5","33","34","97.1"
"Pham, Tommy",502054,"-2","1","15","6.7","1","7","14.3","5","14","35.7","10","10","100.0","24","25","96.0"
"Cave, Jake",595909,"-2","0","20","0.0","1","4","25.0","8","12","66.7","8","9","88.9","16","18","88.9"
"Benson, Will",666181,"-2","0","19","0.0","4","9","44.4","8","14","57.1","10","11","90.9","15","17","88.2"
"Yastrzemski, Mike",573262,"-2","0","18","0.0","1","12","8.3","11","14","78.6","17","18","94.4","20","22","90.9"
"Lowe, Josh",666139,"-2","1","16","6.3","2","5","40.0","0","4","0.0","12","14","85.7","18","19","94.7"
"Happ, Ian",664023,"-2","1","21","4.8","4","9","44.4","10","17","58.8","23","27","85.2","25","27","92.6"
"Tatis Jr., Fernando",665487,"-2","1","13","7.7","2","7","28.6","7","11","63.6","5","8","62.5","11","11","100.0"
"Raley, Luke",670042,"-3","0","5","0.0","0","5","0.0","4","11","36.4","6","6","100.0","20","21","95.2"
"Brennan, Will",686823,"-3","0","12","0.0","1","5","20.0","7","11","63.6","12","14","85.7","10","11","90.9"
"Kelenic, Jarred",672284,"-3","1","10","10.0","2","5","40.0","8","13","61.5","11","14","78.6","23","28","82.1"
"Suzuki, Seiya",673548,"-3","1","10","10.0","1","5","20.0","5","10","50.0","10","11","90.9","12","12","100.0"
"Bleday, JJ",668709,"-3","0","20","0.0","2","12","16.7","8","12","66.7","28","33","84.8","28","31","90.3"
"Friedl, TJ",670770,"-4","0","12","0.0","2","6","33.3","7","15","46.7","10","16","62.5","20","20","100.0"
"O'Neill, Tyler",641933,"-4","0","14","0.0","0","7","0.0","4","8","50.0","14","16","87.5","14","14","100.0"
"Steer, Spencer",668715,"-4","0","14","0.0","0","4","0.0","9","11","81.8","5","7","71.4","10","11","90.9"
"Freeman, Tyler",671289,"-4","0","10","0.0","0","4","0.0","0","4","0.0","11","12","91.7","17","19","89.5"
"Brown, Seth",664913,"-4","0","7","0.0","1","8","12.5","5","9","55.6","8","8","100.0","12","14","85.7"
"Conforto, Michael",624424,"-4","0","13","0.0","2","7","28.6","3","4","75.0","8","10","80.0","15","19","78.9"
"Ramos, Heliot",671218,"-5","1","18","5.6","3","13","23.1","7","13","53.8","11","15","73.3","16","17","94.1"
"Margot, Manuel",622534,"-5","0","6","0.0","1","9","11.1","3","7","42.9","13","16","81.3","11","11","100.0"
"Soto, Juan",665742,"-5","0","26","0.0","2","15","13.3","7","10","70.0","15","19","78.9","27","28","96.4"
"Haniger, Mitch",571745,"-5","2","18","11.1","1","6","16.7","5","9","55.6","8","13","61.5","17","18","94.4"
"Laureano, Ramón",657656,"-6","0","18","0.0","0","3","0.0","5","11","45.5","11","13","84.6","11","11","100.0"
"Melendez, MJ",669004,"-6","0","6","0.0","2","11","18.2","8","14","57.1","14","17","82.4","15","18","83.3"
"Judge, Aaron",592450,"-6","0","21","0.0","2","9","22.2","4","11","36.4","17","20","85.0","24","26","92.3"
"Arozarena, Randy",668227,"-6","0","25","0.0","1","13","7.7","8","18","44.4","19","21","90.5","24","24","100.0"
"Profar, Jurickson",595777,"-6","0","19","0.0","4","12","33.3","3","10","30.0","22","29","75.9","23","25","92.0"
"Suwinski, Jack",669261,"-7","0","15","0.0","0","6","0.0","6","14","42.9","11","14","78.6","11","11","100.0"
"Renfroe, Hunter",592669,"-7","0","23","0.0","0","11","0.0","7","13","53.8","12","14","85.7","11","12","91.7"
"Carlson, Dylan",666185,"-7","0","10","0.0","0","2","0.0","8","15","53.3","9","14","64.3","10","10","100.0"
"Benintendi, Andrew",643217,"-7","0","20","0.0","1","11","9.1","2","9","22.2","13","17","76.5","22","23","95.7"
"Marte, Starling",516782,"-8","0","5","0.0","1","9","11.1","3","11","27.3","7","11","63.6","21","22","95.5"
"Castellanos, Nick",592206,"-8","0","17","0.0","1","9","11.1","4","10","40.0","15","20","75.0","29","33","87.9"
"De La Cruz, Bryan",650559,"-8","0","14","0.0","0","9","0.0","1","6","16.7","14","19","73.7","12","12","100.0"
"Hernández, Teoscar",606192,"-9","0","23","0.0","1","13","7.7","4","9","44.4","24","29","82.8","28","30","93.3"
"Thomas, Lane",657041,"-9","0","25","0.0","2","14","14.3","6","13","46.2","13","14","92.9","22","26","84.6"
"Winker, Jesse",608385,"-11","0","9","0.0","1","12","8.3","5","9","55.6","6","12","50.0","17","20","85.0"
"García, Adolis",666969,"-12","0","16","0.0","0","9","0.0","5","16","31.3","12","15","80.0","22","25","88.0"
"Reynolds, Bryan",668804,"-13","0","23","0.0","0","14","0.0","5","10","50.0","9","13","69.2","29","32","90.6"